Unnamed: 0,Left-Cerebellum-Cortex,Left-Thalamus-Proper,Left-Hippocampus,Left-Amygdala,Left-VentralDC,Right-Cerebellum-Cortex,Right-Thalamus-Proper,Right-Hippocampus,Right-Amygdala,Right-VentralDC,ctx-lh-bankssts,ctx-lh-caudalanteriorcingulate,ctx-lh-caudalmiddlefrontal,ctx-lh-cuneus,ctx-lh-entorhinal,ctx-lh-fusiform,ctx-lh-inferiorparietal,ctx-lh-inferiortemporal,ctx-lh-isthmuscingulate,ctx-lh-lateraloccipital,ctx-lh-lateralorbitofrontal,ctx-lh-lingual,ctx-lh-medialorbitofrontal,ctx-lh-middletemporal,ctx-lh-parahippocampal,ctx-lh-paracentral,ctx-lh-parsopercularis,ctx-lh-parsorbitalis,ctx-lh-parstriangularis,ctx-lh-pericalcarine,ctx-lh-postcentral,ctx-lh-posteriorcingulate,ctx-lh-precentral,ctx-lh-precuneus,ctx-lh-rostralanteriorcingulate,ctx-lh-rostralmiddlefrontal,ctx-lh-superiorfrontal,ctx-lh-superiorparietal,ctx-lh-superiortemporal,ctx-lh-supramarginal,ctx-lh-frontalpole,ctx-lh-temporalpole,ctx-lh-transversetemporal,ctx-lh-insula,ctx-rh-bankssts,ctx-rh-caudalanteriorcingulate,ctx-rh-caudalmiddlefrontal,ctx-rh-cuneus,ctx-rh-entorhinal,ctx-rh-fusiform,ctx-rh-inferiorparietal,ctx-rh-inferiortemporal,ctx-rh-isthmuscingulate,ctx-rh-lateraloccipital,ctx-rh-lateralorbitofrontal,ctx-rh-lingual,ctx-rh-medialorbitofrontal,ctx-rh-middletemporal,ctx-rh-parahippocampal,ctx-rh-paracentral,ctx-rh-parsopercularis,ctx-rh-parsorbitalis,ctx-rh-parstriangularis,ctx-rh-pericalcarine,ctx-rh-postcentral,ctx-rh-posteriorcingulate,ctx-rh-precentral,ctx-rh-precuneus,ctx-rh-rostralanteriorcingulate,ctx-rh-rostralmiddlefrontal,ctx-rh-superiorfrontal,ctx-rh-superiorparietal,ctx-rh-superiortemporal,ctx-rh-supramarginal,ctx-rh-frontalpole,ctx-rh-temporalpole,ctx-rh-transversetemporal,ctx-rh-insula
0,0.0030202806050502774,0.1349489658092901,0.15315289120207662,0.175807761695662,0.2137441431950279,0.0025761500509287453,0.12829256582142715,0.15298956227175928,0.15041817610211075,0.17833760889571695,0.07951464326886389,0.0010907923448550754,0.004112388576737999,0.009440028988710242,0.21352085757667064,0.08530203956126639,0.03473914701128914,0.17492029668795844,0.007723528232699414,0.02246727729129268,0.11388277158814136,0.023926225794067803,0.04588394159899431,0.14174265747313342,0.0015017657987804653,0.004566219871775706,0.007907990759240568,0.039163855935134946,0.012747387938009747,0.011526578305091312,0.0,0.0127004944027658,0.0016986239952307735,0.05883918567895752,0.011711939000658658,0.012449581706146037,0.003906939287193136,0.0007686144409217653,0.011869686202818067,0.004367164924477409,0.004410605227308547,0.07684482516607223,0.0002595898489813984,0.024333363457993532,0.0579393374783971,0.006556877074675765,0.005331951163823082,0.016060648526799993,0.3590857028826996,0.07038395810765588,0.03110854886844379,0.16609564781922523,0.010727182618968571,0.03657000159473659,0.1149839416675885,0.016968901815113357,0.049696603176828294,0.13464784844150007,0.003179999723129921,0.00031703935213760664,0.010379380090853823,0.03296015554448346,0.024008859603114958,0.020789797733023037,0.0,0.009703360444170823,0.0018927268512017785,0.031208609428285572,0.009153474256432325,0.019038380012499252,0.00663498661327161,0.014630229866208072,0.006989645378833654,0.0038501858833818224,0.007575663758865482,0.05131049765447869,0.0013014770367771942,0.026143577063263188
1,0.005637920244183108,0.14184176815693525,0.16581076323775892,0.1998697556259963,0.18141906206349737,0.005144010898144372,0.13732488300531048,0.1633129069865496,0.1765241760950534,0.14930257854342277,0.07690950979342283,0.014339387270107059,0.01317046597550964,0.022528394424678994,0.22801351859605845,0.09467600127594802,0.05474378498871542,0.18550135733206216,0.03555176433851931,0.042952344249461746,0.11887621941145965,0.041261658936582984,0.054938668445804785,0.14529197995974516,0.07087844497720162,0.01165926159357463,0.016734157484775306,0.05314376384145289,0.029050217741473393,0.030102542778771942,0.012785455573394677,0.020075195957297547,0.010314015883137413,0.0619960765285469,0.02066337166268972,0.0214156039328791,0.012963552926038444,0.01984610358520958,0.02979878318977385,0.017846684594997025,0.017242320571675303,0.09662180451597045,0.017619307568152984,0.03400329003349685,0.06333065036277315,0.013838144670916843,0.012949635509958028,0.027299453744712113,0.3564493962597766,0.08020445374112482,0.04847222728472921,0.1747765128316664,0.03420499466252212,0.053070589598594356,0.1225233587513111,0.033195484628832525,0.05612315260172239,0.13814963940795208,0.07311046706678591,0.010665224794149159,0.016898321859784064,0.0465773491962946,0.03384551158955765,0.03125321633434275,0.013072841580395967,0.016130235016571265,0.010117026803840414,0.03660603131635892,0.01901624633133531,0.026512190022618554,0.015625013559555614,0.03170865166123024,0.02331227834482131,0.017161079833911394,0.01894992085542458,0.07575697087334887,0.013978218729188214,0.038540976424927084
2,0.00864972667975548,0.14921093316686462,0.18435190380921546,0.22561113007512854,0.1688566890082006,0.00807469296135312,0.14768472096232915,0.18064763219359137,0.2045727054884905,0.13894685922829483,0.08867427668591282,0.027481420435199858,0.02532021272530188,0.040097341177703215,0.25009137876493165,0.11261022663594306,0.07559545881473692,0.20015108974284657,0.05915007002792836,0.06542524288369553,0.12825346782765512,0.062191498391815536,0.06668898395026547,0.15425451148852293,0.11510847850748823,0.021756128565131577,0.02904732004101871,0.06938483893385318,0.045600662431798694,0.051394224788667356,0.027248178136024873,0.03282563482855212,0.0219898555378376,0.07119495804046186,0.032772896456887184,0.03282721397274959,0.024276920887081655,0.04003771541592722,0.0492697184141398,0.03452078724734667,0.03142829606914336,0.12098013061079346,0.03631121948970473,0.048493680505345554,0.079928376121566,0.025039529921742014,0.023929083298318183,0.04173518040726956,0.36247111368727053,0.09834111827749666,0.0673765243653467,0.18720745194087907,0.05382636268514,0.0715602221631167,0.13421281481038114,0.05238789535133204,0.0656129124928529,0.1468534787321693,0.1186949874831087,0.022696837061702748,0.027387301570756084,0.06246329854407292,0.04634493518236251,0.04875547033699427,0.027445153107690995,0.02728165984708856,0.021397988297910474,0.048064968809548574,0.03119992293833795,0.03661584607676749,0.026506181659627218,0.04989247871005971,0.041758181756613305,0.033925202292112724,0.03203073850084613,0.10268728606570343,0.030053952050896126,0.0541311356399452
3,0.012431120801830828,0.15999322214440376,0.20902885859634712,0.25574151743604895,0.16876430048988883,0.011741054818772804,0.16145420562973956,0.20450317964865042,0.23680472170719388,0.14088558805835136,0.10859698316052399,0.043608252925772105,0.04125303078553304,0.06288274776070646,0.278836534704109,0.13780188550214317,0.09948485599598204,0.22021009069646785,0.08344696977618768,0.09187102213160972,0.1427235136663814,0.08802114136793406,0.08222398485418396,0.16956868550711415,0.15261046773657125,0.03591328614788353,0.04540782411599842,0.08883611622232436,0.06466570020823101,0.07631461757947222,0.04504316617007405,0.049862008980891416,0.037512321720316606,0.08629420956806215,0.04841934926732861,0.04774714486399104,0.038973955708380394,0.0632666455030714,0.07229257328177029,0.0553529160084992,0.04842267606931778,0.15069276464416076,0.0586238073898242,0.06787091376427387,0.1017378151829166,0.04005369762597118,0.038806958366455035,0.06127098219931336,0.37637611908761265,0.12307158474875553,0.08962949080069185,0.20483156117208068,0.07528373660939143,0.0940876384709168,0.15086548389070448,0.07616861243015062,0.07903020878782706,0.16161701847154755,0.15659287437566122,0.03813485353772058,0.04221359971587237,0.08188566850424743,0.06264388081543898,0.07087549941535974,0.045097701103335705,0.04291177702946491,0.03650452379709806,0.06501301591363373,0.04649821217657016,0.050312503511584596,0.04064211468415797,0.0712155414746444,0.0639492630417463,0.054699625103163785,0.048079230660967545,0.13360939186477977,0.050698214743712125,0.07396538284901408
4,0.01742065922717454,0.1763104686809603,0.24109604877022617,0.2925338171010867,0.17849532438738752,0.01657801005304566,0.1804629224916213,0.23566408729857793,0.27526138889131896,0.15258246995480385,0.13577158893101623,0.06455210813030256,0.06226736946165849,0.09208883838145114,0.3151557887395473,0.1707320570955733,0.12851255266869865,0.24729976764949038,0.11172014951277832,0.12428658487274938,0.16344650183440512,0.1204113085501229,0.10295002176821684,0.1924469099488815,0.19153979799471715,0.055478415047816095,0.06705539473692143,0.11301338964614262,0.08824512377275204,0.10699742857214281,0.0679010747771747,0.07214063775333589,0.05822263127613694,0.10817086590860157,0.06893735736861567,0.06762052630762061,0.05852318741001062,0.09151610466500189,0.10080343640805337,0.0818019730093072,0.06989009933467542,0.1871276680138624,0.0864445457522337,0.09320419959481896,0.12894645422128848,0.060061427105374744,0.058795305530513015,0.08733576338928105,0.3989611048637815,0.15474937048592818,0.11707253717716157,0.22925933762176742,0.1015121297479474,0.12257835079416764,0.17373993283748287,0.10614604016978343,0.0976472913389829,0.18357920077463152,0.1947934638910755,0.058645495350752225,0.062480813201552174,0.106400382198735,0.08419027103265479,0.09890609938243959,0.06780306642055076,0.06403018931717014,0.05678593413214857,0.08829782331574758,0.06634589158804576,0.06897095220406078,0.05957252822835039,0.09764692396384723,0.09159590600084197,0.08083409215034765,0.06865061929806052,0.17031858147158482,0.0772899839679343,0.09951356148337756
5,0.024213923880613976,0.20036696155011577,0.28256101012554535,0.3384617261143975,0.1978181539291265,0.023174659059291853,0.2068034019133224,0.2758376544536675,0.3222795209147356,0.1737166945722153,0.171498429794265,0.09242419105723226,0.0903234502740296,0.12973126217294736,0.3610345541986421,0.21307516812490035,0.16513235665580064,0.2835844093615115,0.14696212581838974,0.16508418536958616,0.1922025775307804,0.16160384033939268,0.13081278322241452,0.22473586571764348,0.23684764946019174,0.082385091560314,0.09591749567086337,0.14402282414485837,0.11862467384025512,0.14594541074278117,0.09799318867306023,0.10162170074396146,0.08609410310397375,0.13856683740219386,0.0963216911438387,0.09444987022747119,0.08493601804646081,0.12716760398721383,0.13713268809043133,0.1159521122164101,0.09795281222150894,0.23235001747458234,0.12202667616720991,0.12637967758301802,0.1635867722885902,0.08701562096551071,0.08579091609237802,0.12190983138537337,0.43199223090286576,0.1950060526905298,0.15197974051903052,0.26259016725815815,0.13512015292513285,0.1593369358821437,0.20469399959168852,0.14446083170557,0.12332144262889469,0.2145304895811629,0.23834215200808911,0.08631850254485847,0.09001711927565986,0.13806705178908135,0.11297246857322123,0.13508820006219924,0.09770389328742175,0.09250739174364246,0.08420472313408146,0.11968797358568574,0.09279930929669093,0.09453309720785774,0.08532209907068806,0.13151429793116878,0.12688990716192466,0.1143846806095569,0.09579616062254023,0.21510704824145138,0.11179691448101287,0.13281401715743835
6,0.033676391387466136,0.23496404649951896,0.33630781017737593,0.3966287822922983,0.2281227296112447,0.03238641413129257,0.24321471995835237,0.3277035230550526,0.38085917810057734,0.20555699611799624,0.21847015518293128,0.13009586668935733,0.12823449164028317,0.1787670976307978,0.41945647665975755,0.26761770767523707,0.21250610712529053,0.3320491630211709,0.1925821655178604,0.21742133901611074,0.23161623302707626,0.21466126946254702,0.16855028951039322,0.2691855346868409,0.2928178004616754,0.1194109946016902,0.13478614834379893,0.18475773077754004,0.15877304365965136,0.19632470120921258,0.1382489038536501,0.14119159267853418,0.12393990210863698,0.18019313244064578,0.13338657328914993,0.13104257023744742,0.1210246571740874,0.1733269716121721,0.18435553051317677,0.16073344867059622,0.13547569203503554,0.28931470399440945,0.16838660269724331,0.17020389797958685,0.2087210515580927,0.12372484994843455,0.12255158271455033,0.16784697040022722,0.4781877525767673,0.2466003549420913,0.1973746408605278,0.30771612227322703,0.17922834519101907,0.2074033123893975,0.24640327523322245,0.19407788704579354,0.15872803823671044,0.25716505328148975,0.29160841110664587,0.12400345896645491,0.1275336177931261,0.17970928950491372,0.15177550759522232,0.18245952704039806,0.1376821290994267,0.13112633397888354,0.12154495225790783,0.1619087866700095,0.12870920310090297,0.12975365710230105,0.12069029487508855,0.17585422262065936,0.17280447341791536,0.1582627030609908,0.13232502997717882,0.271026811270027,0.15704720177536086,0.17671142722210556
7,0.047102553478018,0.28391040823155167,0.40635560804019033,0.4711415995179286,0.2722439403684607,0.04549344640523558,0.2934469181727018,0.3951341713667588,0.4550146652127513,0.2508245045598156,0.2807171582064089,0.18154747742141697,0.179954054691199,0.24332863704233237,0.49457386912992846,0.3384106565816595,0.2748616927629257,0.3968153260228674,0.2529098306714834,0.2855427230727957,0.285440544729436,0.28376623600260553,0.21999818241406108,0.32974360544287085,0.3642090066558575,0.17048237376638697,0.18759941540458167,0.23919276252464627,0.21271320807189437,0.26235156072302224,0.19269415182384528,0.19488339382188352,0.17570824672786514,0.23697015766315913,0.1840594111003448,0.18132418767414885,0.17071802378442405,0.23417286245613878,0.24664010891893218,0.22021766907463589,0.18639724313673336,0.36213287553583845,0.22965031216337056,0.228652214041641,0.2685233272046785,0.17412245319407346,0.1729775537018768,0.2291658381848019,0.5414263576150598,0.31355380426956136,0.25736653316067903,0.36865185872438333,0.2379586412453579,0.27090590674586057,0.30263941896038976,0.2590944716491667,0.2076551697578996,0.31536576881750955,0.35939209238638725,0.17565006660238022,0.17889432107716965,0.2352245124260978,0.20448918179340636,0.24514072500405393,0.191708395947969,0.18382532691429204,0.17271265941700062,0.2188746159977312,0.1780141769028706,0.1785078885795086,0.1695784999938345,0.234769405453508,0.23341715068062197,0.21650894312522312,0.18212324992080686,0.34220386417540744,0.2170245003901971,0.23516041285806966
8,0.06644293350171512,0.35237419075722765,0.49813001780861516,0.5674257293761945,0.33454086023013796,0.06442701708363846,0.3626001871803526,0.4834573932229105,0.5500935874283899,0.3137784527003133,0.3637815938380184,0.2521872539790336,0.25088029301266207,0.3289918208439181,0.5919356513387745,0.4309897403150677,0.35782350246602207,0.4834398019580863,0.33359322965011695,0.37509540411540265,0.3588410051569962,0.374514356858822,0.290391490017432,0.41184142908920124,0.4568844949310007,0.24098109535620252,0.2597412700595867,0.3126883907738869,0.2858588817587428,0.34963139151073197,0.26677572285934475,0.26816437080666466,0.24678982519058146,0.31429963264870664,0.25368932887976503,0.25065463274396765,0.23937867154822917,0.3152845990637289,0.32956892971747026,0.29991918910460014,0.25605178788277216,0.4563404758796862,0.31136878486557756,0.307147891229483,0.3485577776069119,0.24357138413359633,0.24241467485143567,0.31134318883754114,0.6270098374169809,0.40138079225536955,0.3374748694120158,0.4508507671222117,0.3168099689733329,0.35539123799190536,0.3785458613604043,0.3450448853268408,0.2753008227140052,0.39449310738156984,0.447573025129271,0.2466342672128499,0.24941130534510428,0.30988732659150875,0.27641630101434206,0.32866214809073935,0.26516959195396606,0.25598887383120067,0.2430482925628504,0.2959681144415735,0.24605495921191067,0.24610584569779434,0.23731290653011336,0.31376422435183543,0.3142242917554504,0.29459337818597764,0.2504701626618466,0.43414498560129317,0.2971620103399563,0.3135303258001371
9,0.09459970090653975,0.4470311570080183,0.6185373436087989,0.6923183268167061,0.42094648900316706,0.09206486486181953,0.4572789942164817,0.599545448899215,0.6728945060385757,0.40027118615601776,0.4747678865048131,0.3489684292546079,0.3479698360040331,0.442858306570191,0.7185318835474879,0.5524220287600266,0.46852741198188214,0.5990026232604811,0.44174976604836563,0.49322677398763987,0.4584850206348263,0.49399896549311895,0.3864680036497461,0.5224769675091452,0.5780416938651374,0.3378577199114529,0.35815101386284726,0.412101428532574,0.3851393648871333,0.4652682438573488,0.36748317146612325,0.36804392944852116,0.3441338653751856,0.41915163024230173,0.34916098021655045,0.34594759373491585,0.33392381412047006,0.42375951523783467,0.4402469997136963,0.4068986988248866,0.35128879430790766,0.578965516120089,0.42062312748775443,0.4126537040541789,0.45590294441710083,0.3389851524079974,0.33777265859812616,0.42141881240244966,0.7417506416866205,0.5171636988468349,0.4447545365533641,0.5613200479779911,0.42280169974566284,0.46794693009475463,0.4807216479938438,0.45900984947115386,0.36837694425925627,0.5014866391299642,0.5633804878617837,0.343886232882322,0.3459574988473725,0.4104580698968346,0.3743895204369644,0.4400903578563531,0.3649976902256516,0.35456101181679356,0.3394504661579687,0.40014298186562114,0.3396984642963498,0.3394154010063377,0.33077270422937866,0.419875640520406,0.42225907937252893,0.3995299595960152,0.34415784304058644,0.5538452250405662,0.4044475696339669,0.4187168990797225
10,0.13571925332971504,0.5756513813815486,0.7754625381622354,0.8535818970792408,0.5386015309655239,0.13252518128324464,0.5852007559279415,0.7513405508165448,0.8312200308811027,0.5173967428903717,0.6218290456500746,0.4799166767474194,0.4792657745456084,0.5930532523402464,0.8822651370550146,0.710777771529442,0.615136810150055,0.7515983164472362,0.5855045546868598,0.6480838828172949,0.5920641547764555,0.6503042931643263,0.5159926501043133,0.6697069939703125,0.7357746997241394,0.46915747066415536,0.4908482153508566,0.5453193042229462,0.5185355039824993,0.6173731027384451,0.5028823302111309,0.502596222953834,0.47577972051083617,0.5595693084130061,0.4784222340807558,0.47520184768158624,0.4623591167788188,0.5677356130099481,0.5868137498614967,0.549277697050424,0.480004989164154,0.7380117798297999,0.5655363852760111,0.5531824945786578,0.5987003896112216,0.4683681923099251,0.4670644030605439,0.5675195650982339,0.8934912326285787,0.6690621538441547,0.5873377831967651,0.7081509547551523,0.5640203279356762,0.6167345778957944,0.6167554957648124,0.6091413243582126,0.4946399092203431,0.6443923569996695,0.7150010472114386,0.4754343278268724,0.47650540956552323,0.5447285380118785,0.5063169218842614,0.5875639841275611,0.4992187975711397,0.4875808915206417,0.46992144351695675,0.5394519021509949,0.4668802474859603,0.46640484884132516,0.4579359587304535,0.5612174211519678,0.5656304997978445,0.5394144589182931,0.471031768372165,0.7093183249987878,0.5469555904392964,0.5586812814941062
11,0.19524051809675555,0.7457637837535938,0.9763522264926778,1.0585141781392755,0.6946824377650308,0.19121956250093136,0.7538888265618863,0.9464517428602276,1.0325148330507206,0.6723401139569785,0.8127230834792544,0.65271160006235,0.652480497981146,0.7872871503776528,1.0905173950529339,0.9136812431002629,0.8054132246696482,0.9488907642771067,0.7725761807458809,0.8473740247634799,0.7669208946356472,0.8510677316645849,0.6863646120456842,0.8612022966802649,0.9376771696481272,0.6425979392196387,0.6655174914907926,0.7198780278298195,0.6936817855722497,0.8136324094704482,0.6807036760076683,0.6795366095318921,0.6494435456665667,0.743234064105885,0.6490733472378191,0.6460892436736534,0.6323662312063432,0.7549692249780167,0.7770139205349212,0.7348107273324382,0.6497439769540007,0.9410239314772811,0.7538457756680517,0.7363779032670845,0.7847636640568633,0.6394135228276342,0.6380043908073336,0.757437596123212,1.0896959386969753,0.8648854542188096,0.7730341627814246,0.8991057036605118,0.7482170879670791,0.8095729213838476,0.7939023119264417,0.8032406444548277,0.6615095317043741,0.8309561700368526,0.9102079524618851,0.6490036038729672,0.6487337950357682,0.7201765214307486,0.6798092608082459,0.7788795447961225,0.6755627266175782,0.6627753628438612,0.6421721370369835,0.721634275565275,0.6352116390164465,0.6347488674683474,0.6264830139631636,0.7455789875023069,0.7521288548339432,0.7220254796674204,0.6386101343954848,0.9082035978673861,0.7324508245647519,0.74106943258409
12,0.27923580809254417,0.9627888601771207,1.2263383093786515,1.31210026512574,0.8946499944404784,0.27420168981390997,0.9688155122715715,1.190255321384353,1.282002105946615,0.8706362799803442,1.052914403130393,0.8727999161538281,0.8731076005162101,1.0309549476299271,1.348286600348287,1.1664151590781648,1.0448208192755832,1.1962155443217037,1.008388528969056,1.0964674565903174,0.9882487725735947,1.1015876605284642,0.9027880535970996,1.1023469152546999,1.1889774423052162,0.8636701390526393,0.8876275726329945,0.9411337020660642,0.916007184772864,1.0594128538457868,0.9064504359173694,0.9043275343389158,0.8706271669752835,0.975562925477162,0.8664972566162824,0.8640775139603015,0.8494168483527555,0.9909399580955556,1.0163075211393422,0.9689895823172808,0.8658463875807383,1.1932111201923483,0.9910144297825585,0.9676402970704353,1.019700673790556,0.8576234324014016,0.8561299956056546,0.9967187033860272,1.3355584546605241,1.110179675611054,1.0074422822051172,1.1397155481859176,0.9809159964104172,1.0520283289223054,1.0173647308695193,1.0468471917950677,0.874256981829842,1.0667336611261993,1.1544811875077374,0.8701279202622183,0.8681631829381014,0.9421876187533003,0.900346655175069,1.0195842167519418,0.8995821576140448,0.885669756205495,0.8617414272414731,0.9522183140565116,0.8501245053861456,0.8499668674251507,0.8419206447559162,0.9785328906233879,0.9873517216366818,0.9529432528305952,0.8522591681697896,1.1559021784090373,0.9665170944643877,0.9713664883492997
13,0.39270841002973256,1.2293660405671152,1.5276587603113034,1.616429571057666,1.1413669694050323,0.38646948420506816,1.2327121145096207,1.4852894743019553,1.582062118214733,1.1152758998385168,1.3450251850183315,1.1428700289754334,1.1438888078395713,1.326574473143976,1.6576489954361244,1.4713606037368772,1.3359743280803777,1.4960273016551047,1.2955222302721408,1.397839339091259,1.258598957867712,1.4042624797079006,1.1677925265319975,1.3956845904543997,1.4919914554660214,1.1350944615329046,1.1599000769016596,1.2117541361756963,1.1882091920501152,1.3571977087320384,1.18284018515818,1.1796425272380497,1.1420701772692363,1.2591540698977175,1.1333512905459766,1.1319106423036625,1.1162414848803368,1.2782928004465834,1.3073225730610227,1.254491617750219,1.130959325674764,1.4969020074844013,1.2796869761292717,1.2495932497770315,1.3063466016473773,1.1257767091457345,1.124263959663887,1.2880819093927154,1.6334185589128158,1.407645110507168,1.293377349640123,1.4326987708465815,1.2648463895367452,1.3468314030878994,1.2898488999041837,1.3426588463420415,1.135543677959685,1.3545110966036304,1.4504370288875719,1.1415955252883756,1.1376217830793705,1.213565989701366,1.1707560232774654,1.3123940307153088,1.1740822169056997,1.1590391236540858,1.1314399096456977,1.2339515089350659,1.1143674400351076,1.114904807289565,1.1070465569185426,1.262859880534235,1.2741399014444497,1.2349863732919495,1.1147154961758443,1.4550184736075211,1.2519963376140717,1.2523558313415297
14,0.5376805036647132,1.5472519207895508,1.8816634240201524,1.9726659929805883,1.4364843801521054,0.5300434598070662,1.5474660866376826,1.8332960896406947,1.934217723939197,1.4080779831559371,1.6908876136501392,1.464955725712766,1.46690325304229,1.6758366367399773,2.0197991873129855,1.8300275321585446,1.6806940396425107,1.8499422545504094,1.6357832911752148,1.7531115462839157,1.5798843284044877,1.7606228572556533,1.483322249510196,1.7429630447960283,1.8481641505782613,1.4589140328245593,1.4843854550867719,1.533750793215691,1.5123068718011081,1.7086256004010367,1.5118659337150124,1.5074621678259414,1.465826439436643,1.5958570749496168,1.4516727764636748,1.4516994063632596,1.4349259948637647,1.618894006186572,1.6519035594759923,1.5932391788461011,1.4471378995026296,1.853579099138046,1.6217414987604657,1.5841361897995418,1.6468015308529838,1.4460248215276255,1.444595891905802,1.6334890615895241,1.984827202549247,1.7592048856889055,1.6329165635172502,1.7800112308472105,1.6020079538497938,1.6959399764179142,1.6135316917514866,1.6926055503413417,1.4475182576591923,1.6963363821577604,1.7999044520368797,1.4655267148531077,1.4593093160244175,1.536531310153583,1.493245846079506,1.6592583209089724,1.5011647625709061,1.484993808206108,1.453412972144271,1.5688657750812571,1.4301095650688522,1.4318150836715058,1.4240371635392428,1.600600954431785,1.614608494832771,1.5702576652126756,1.4281767624695239,1.80739810628294,1.5910169262388378,1.586144674492773
15,0.7134054337421392,1.920103830062103,2.2916360509388816,2.383869322258971,1.7829619354508786,0.7041610005601845,1.9169437918523895,2.2380855524345464,2.3420009534344874,1.7522134716288738,2.0942989572220556,1.8432131465934396,1.846328973498109,2.082398358762095,2.437881615416082,2.2458418438203753,2.082775176534575,2.2615086958940345,2.03299601305572,2.1658363820173956,1.956042665644426,2.1741230525290187,1.8534752150635936,2.1478884777658553,2.260883391294607,1.8392775112012876,1.8652106587689836,1.9111740671873456,1.89236876066609,2.11728034220493,1.897569861807199,1.891858874192266,1.846034588318542,1.9895596509992368,1.8256441174223066,1.8276641567725531,1.809681572611384,2.0166094320134618,2.053864419957102,1.9891637196443066,1.8185884228257732,2.26666615230132,2.021041007830252,1.9751877906923376,2.0451950304034674,1.8226689065631703,1.8214406464663577,2.0369653142590316,2.39342623682344,2.168836435004455,2.030177638789157,2.185649326177021,1.9964725743396963,2.103358425562264,1.9926492594729313,2.1006807711822493,1.8145331398500697,2.0962878469067587,2.2067826054884057,1.8461581555811144,1.8375372189045114,1.915366789403567,1.8721134907560468,2.064180825337672,1.8850023633771626,1.8677661747971455,1.8319101779795153,1.9610741632020232,1.8016982718265688,1.8050839098581024,1.797215755239554,1.9958491242250738,2.012900262668442,1.962910133653492,1.7970185470582387,2.2169242352121934,1.9877387079541873,1.976894562496677
16,0.9196305299760997,2.3542140321699727,2.7635500696675477,2.855814275708137,2.1861535822588194,0.9085422189933314,2.347730941101352,2.70620738421408,2.8117100618179705,2.15327924598825,2.561600188862093,2.2844254724408843,2.288940026218689,2.552518494217878,2.9177580769872224,2.7248304194886663,2.5485776089924634,2.7368424650793055,2.4936000547459716,2.64214805308612,2.3935714266559818,2.6508244808111665,2.285011466859551,2.6167178532664646,2.7361916594503084,2.282953706438666,2.309084254900717,2.3506319041327988,2.335032598508931,2.5893453579733556,2.346592535138551,2.339525943882649,2.289437782225152,2.4467625432522606,2.262086585733628,2.2666089635778985,2.247338472259253,2.477890869546068,2.5195678842219817,2.448766251450895,2.2521477112141044,2.7422148465095875,2.4840019882034605,2.4292414857121782,2.508235902587166,2.262647945624826,2.2617186457605016,2.505179246310339,2.865630629416038,2.6431721897891105,2.49187408459714,2.656233149960117,2.454949742708542,2.5757261543996735,2.4339724354952095,2.5735349303418,2.243591037285878,2.561033741269002,2.6776734357186673,2.2903586850214084,2.2792106429226497,2.3569010687523604,2.3142305570628245,2.533809080633407,2.3323820986751307,2.314223541019793,2.2737984315487165,2.4173236084192924,2.2361251338759947,2.241676973298311,2.233535575205556,2.4553129732192014,2.4757313625141966,2.4196879516182763,2.2282379533922145,2.6901320246938916,2.4488918089422023,2.431353253229189
17,1.1597675024668996,2.857078426872744,3.304687667524621,3.3956779338725336,2.652944558769885,1.146588089200986,2.8476209434300723,3.2453678933015784,3.350907878044024,2.6183781650354208,3.100163633233473,2.7963608021643345,2.8024690110071315,3.093573925542015,3.4666498208585437,3.2742111509840126,3.0855092011738194,3.2831751182353215,3.0251119779954427,3.1893146918373843,2.900019831023962,3.1979778012308064,2.7857399018118865,3.156764148930179,3.281376260012181,2.7976931558356384,2.8236844322282906,2.8597359002160436,2.847927360762913,3.1321460735435362,2.8665817766173127,2.8581605323263193,2.803759945435183,2.9750177167282432,2.7688123240673805,2.7762749807270612,2.7556921546776803,3.010236862602445,3.056412580199594,2.97956216377581,2.7556358226068682,3.287492184584935,3.018067394605249,2.9538241156143736,3.0435981630502957,2.7738511201190907,2.7732771082472816,3.045819322028635,3.4090513930439887,3.189886820836645,3.0256971841300873,3.1993968914395188,2.9851641086230334,3.120702836563283,2.9452216862159677,3.1188556258209355,2.7426498588967627,3.0982224646514696,3.2202781114387147,2.805965628954376,2.792159844119022,2.868894553305555,2.8273952938647553,3.0758196421420663,2.8510769117278287,2.8322006173924428,2.7869056065418087,2.945361084608174,2.741326518434079,2.7494462315159502,2.7408922235711133,2.9866983786273384,3.0107808524372026,2.9483051080793774,2.7297579771342746,3.23463193675108,2.9821644647207988,2.957240176857646
18,1.4407762180861448,3.4357072458271753,3.9219973378329196,4.010421246462946,3.1902923358071247,1.4252780476347606,3.4238059380123698,3.8625929948494537,3.9666028462603102,3.1545728422863912,3.716741961322266,3.3860183400469723,3.3938645394397535,3.7123974847372025,4.091509547615341,3.9007751863043745,3.7003605143420497,3.9072282390324005,3.6344257598120824,3.8141065554243285,3.4823478047522882,3.8223984759580216,3.3627741085532192,3.774754118489737,3.9033306322023673,3.390474243029004,3.4159407062145273,3.445428440032366,3.4379806083386306,3.752502933716506,3.4644672336521762,3.4547238250274996,3.395963419897839,3.581218780715417,3.352865134269084,3.3636015282347502,3.3417430978728744,3.62050122445587,3.6711795913515375,3.5883914760058873,3.3361018114460674,3.9093567422255333,3.6300441186847783,3.555821684782701,3.6581389179531763,3.363308932116671,3.363097147325242,3.665785154960849,4.030651112982316,3.8158790940297567,3.638528742383072,3.821985131042097,3.5940616079978898,3.7451585137238785,3.5333200134744467,3.7435489865491403,3.3188111540704575,3.714695337404963,3.8415670164159463,3.3999853679147485,3.383350017579705,3.458279318068847,3.418551250374942,3.69711005053233,3.4480616089229024,3.4286966285466676,3.3782294463543314,3.552136392676088,3.3243702974729152,3.3353392399501303,3.3263184009322933,3.596919309458052,3.6249136665717363,3.555668027715945,3.3086217335741175,3.8573129342633496,3.5944285014732325,3.5614677802033823
